project_name,method_id,event,result_code,add_info
commons-cli-master;25;Other Error;1;'Timed Out'
commons-cli-master;5;Other Error;1;'Timed Out'
commons-cli-master;29;Other Error;1;'Timed Out'
commons-cli-master;1;Other Error;1;'Timed Out'
commons-cli-master;13;Other Error;1;'Timed Out'
commons-cli-master;17;Other Error;1;'Timed Out'
commons-cli-master;21;Other Error;1;'Timed Out'
commons-cli-master;53;Other Error;1;'Timed Out'
commons-cli-master;49;Other Error;1;'Timed Out'
commons-cli-master;45;Other Error;1;'Timed Out'
commons-cli-master;41;Other Error;1;'Timed Out'
commons-cli-master;9;Other Error;1;'Timed Out'
commons-cli-master;57;Other Error;1;'Timed Out'
commons-cli-master;37;Other Error;1;'Timed Out'
commons-cli-master;61;Other Error;1;'Timed Out'
commons-cli-master;26;Other Error;1;'Timed Out'
commons-cli-master;22;Other Error;1;'Timed Out'
commons-cli-master;14;Other Error;1;'Timed Out'
commons-cli-master;2;Other Error;1;'Timed Out'
commons-cli-master;6;Other Error;1;'Timed Out'
commons-cli-master;30;Other Error;1;'Timed Out'
commons-cli-master;50;Other Error;1;'Timed Out'
commons-cli-master;54;Other Error;1;'Timed Out'
commons-cli-master;18;Other Error;1;'Timed Out'
commons-cli-master;42;Other Error;1;'Timed Out'
commons-cli-master;46;Other Error;1;'Timed Out'
commons-cli-master;10;Other Error;1;'Timed Out'
commons-cli-master;38;Other Error;1;'Timed Out'
commons-cli-master;58;Other Error;1;'Timed Out'
commons-cli-master;62;Other Error;1;'Timed Out'
commons-cli-master;27;Other Error;1;'Timed Out'
commons-cli-master;23;Other Error;1;'Timed Out'
commons-cli-master;3;Other Error;1;'Timed Out'
commons-cli-master;15;Other Error;1;'Timed Out'
commons-cli-master;7;Other Error;1;'Timed Out'
commons-cli-master;55;Other Error;1;'Timed Out'
commons-cli-master;51;Other Error;1;'Timed Out'
commons-cli-master;19;Other Error;1;'Timed Out'
commons-cli-master;59;Other Error;1;'Timed Out'
commons-cli-master;11;Other Error;1;'Timed Out'
commons-cli-master;43;Other Error;1;'Timed Out'
commons-cli-master;39;Other Error;1;'Timed Out'
commons-cli-master;47;Other Error;1;'Timed Out'
commons-cli-master;63;Other Error;1;'Timed Out'
commons-cli-master;31;Other Error;1;'Timed Out'
commons-cli-master;28;Other Error;1;'Timed Out'
commons-cli-master;24;Other Error;1;'Timed Out'
commons-cli-master;4;Other Error;1;'Timed Out'
commons-cli-master;16;Other Error;1;'Timed Out'
commons-cli-master;52;Other Error;1;'Timed Out'
commons-cli-master;48;Other Error;1;'Timed Out'
commons-cli-master;64;Other Error;1;'Timed Out'
commons-cli-master;20;Other Error;1;'Timed Out'
commons-cli-master;40;Other Error;1;'Timed Out'
commons-cli-master;60;Other Error;1;'Timed Out'
commons-cli-master;12;Other Error;1;'Timed Out'
commons-cli-master;32;Other Error;1;'Timed Out'
commons-cli-master;8;Other Error;1;'Timed Out'
commons-cli-master;56;Other Error;1;'Timed Out'
commons-cli-master;44;Other Error;1;'Timed Out'
commons-cli-master;65;Other Error;1;'Timed Out'
commons-cli-master;69;Other Error;1;'Timed Out'
commons-cli-master;73;Other Error;1;'Timed Out'
commons-cli-master;77;Other Error;1;'Timed Out'
commons-cli-master;101;Other Error;1;'Timed Out'
commons-cli-master;81;Other Error;1;'Timed Out'
commons-cli-master;85;Other Error;1;'Timed Out'
commons-cli-master;89;Other Error;1;'Timed Out'
commons-cli-master;97;Other Error;1;'Timed Out'
commons-cli-master;93;Other Error;1;'Timed Out'
commons-cli-master;105;Other Error;1;'Timed Out'
commons-cli-master;109;Other Error;1;'Timed Out'
commons-cli-master;113;Other Error;1;'Timed Out'
commons-cli-master;117;Other Error;1;'Timed Out'
commons-cli-master;121;Other Error;1;'Timed Out'
